rank,item
1,차량용핸드폰거치대
2,전자담배
3,빨래건조대
4,어린이집수건
5,식기건조대
6,네임스티커
7,스타벅스텀블러
8,빨래바구니
9,안마기
10,아이코스
11,다이어리
12,차량용공기청정기
13,텀블러
14,안마의자
15,필통
16,드론
17,스미글필통
18,윤아와플기계
19,체중계
20,원피스피규어
21,리빙박스
22,게르마늄팔찌
23,미세먼지마스크
24,옷걸이
25,수저세트
26,멀티탭
27,미백치약
28,강아지옷
29,비데
30,어린이집고리수건
31,cctv
32,가정용분리수거함
33,초등학생필통
34,킨더조이꽃다발
35,스터디플래너
36,방수네임스티커
37,보온도시락
38,포트메리온
39,분리수거함
40,차량용휴대폰거치대
41,수납정리함
42,욕실선반
43,궐련형전자담배
44,캣타워
45,족욕기
46,비비탄총
47,수호랑
48,재활용분리수거함
49,강아지집
50,황사마스크
51,수건
52,손목보호대
53,종이컵
54,화분
55,수저통
56,고퍼우드i100
57,수납박스
58,냄비세트
59,건담
60,금고
61,질레트면도날
62,아이코스스킨
63,무릎보호대
64,세계지도
65,음식물쓰레기통
66,우유거품기
67,양념통
68,퍼실
69,드라이플라워
70,차량용방향제
71,차량용스마트폰거치대
72,강아지계단
73,원피스레진피규어
74,주차번호판
75,마스크
76,전자담배액상
77,차량용청소기
78,꽃다발
79,디지털피아노
80,코렐
81,허리보호대
82,독서대
83,자동차용품
84,졸업식꽃다발
85,커피그라인더
86,머그컵
87,고퍼우드g100
88,액자테이블
89,소화기
90,치약
91,아이언맨피규어
92,밥상
93,휴지통
94,다우니
95,후라이팬
96,자동차트렁크정리함
97,도장
98,도마
99,블랙팬서피규어
100,일회용마스크
101,워너원굿즈
102,써모스보온병
103,야채다지기
104,지압슬리퍼
105,냄비
106,커피잔
107,리스테린
108,욕조
109,a4용지
110,쓰레기통
111,6공다이어리
112,브라운체온계
113,보온병
114,욕실화
115,슬라임재료
116,쌀통
117,kt&g릴케이스
118,고리수건
119,그릇세트
120,코렐6인세트
121,만년필
122,이사박스
123,전동드릴
124,나트라케어
125,샤워기헤드
126,마리모
127,실내공기정화식물
128,차량용충전기
129,조화
130,빈플러스우유거품기
131,샤워커튼
132,이동식욕조
133,커트러리
134,블랙팬서
135,고퍼우드g110
136,칫솔
137,다우니섬유유연제
138,멀티탭정리함
139,화장지
140,원목캣타워
141,스크레치제로
142,코렐10인세트
143,전골냄비
144,해피콜후라이팬
145,2018다이어리
146,희토류팔찌
147,보쉬전동드릴
148,케이크토퍼
149,발마사지기
150,스투키
151,루미큐브
152,어항
153,화장실리모델링
154,고양이화장실
155,테팔후라이팬
156,와플기계
157,철제선반
158,섬유유연제
159,어린이집수건자수
160,중국건담
161,와플메이커
162,차량용컵홀더
163,티포트
164,커피잔세트
165,차량용무선충전기
166,나루토피규어
167,암웨이치약
168,생리대
169,4구계란후라이팬
170,바른자세교정밴드
171,덴비
172,욕실리모델링
173,샤워가운
174,차이코스
175,좌욕기
176,수납바구니
177,이름스티커
178,유치원졸업식꽃다발
179,인스랜덤박스
180,hud
181,어깨안마기
182,질레트면도기
183,야마하p115
184,도시락통
185,중학생필통
186,코지마안마의자
187,두루마리휴지
188,욕실수납장
189,보드게임
190,전동드라이버
191,칫솔꽂이
192,저격총
193,속옷정리함
194,전자피아노
195,샤오미체중계
196,드래곤볼피규어
197,뚝배기
198,피아노
199,테라브레스
200,거북목교정기
201,신발정리대
202,전자저울
203,변기커버
204,바지걸이
205,주방선반
206,수면안대
207,코렐4인세트
208,인스
209,차량용품
210,어린이집자수수건
211,해피콜양면팬
212,바디프랜드안마의자
213,강아지매트
214,트렁크정리함
215,워너원앨범
216,비누꽃다발
217,각티슈
218,라미만년필
219,크래프터kgae-27
220,샤오미차량용공기청정기
221,유기농본생리대
222,베이킹소다
223,싱크대수전
224,피규어
225,엔진오일
226,인바디체중계
227,주전자
228,모카포트
229,휴지
230,빌레로이앤보흐
231,발목보호대
232,고등학생필통
233,아레카야자
234,인쇄소스티커
235,위베어베어스필통
236,계란후라이팬
237,차량용거치대
238,어린이집식판
239,사진앨범
240,한샘식기건조대
241,초보운전스티커
242,만년도장
243,폴란드그릇
244,고양이장난감
245,떡메모지
246,전동건
247,컬링게임
248,트롤리
249,우쿨렐레
250,자동차시트커버
251,스칸디아모스
252,양념통세트
253,화이트보드
254,코팅기
255,크래프터기타
256,세면대
257,고무장갑
258,마스킹테이프
259,욕실장
260,코일매트
261,다육이
262,교자상
263,커트러리세트
264,저스트포그
265,스퀴시
266,논슬립옷걸이
267,4구에그팬
268,소형금고
269,비타스틱
270,아이코스면봉
271,자동차핸들커버
272,주방세제
273,와이퍼
274,bb탄총
275,발가락교정기
276,신혼그릇세트
277,공기정화식물
278,목화꽃다발
279,대학생필통
280,스미글
281,강아지방석
282,드라이기거치대
283,샤프
284,연필꽂이
285,접이식밥상
286,차량용햇빛가리개
287,오덴세
288,스타벅스머그컵
289,셀프세차용품
290,목안마기
291,차량용무선충전거치대
292,찜질팩
293,휴족시간
294,사다리
295,수호랑반다비
296,치아미백
297,카멜레온360
298,로얄알버트
299,휴플러스어깨안마기
300,다기세트
301,더마틱스울트라
302,3m장갑
303,달리치약
304,세탁세제
305,과탄산소다
306,건조대
307,일본동전파스
308,샤워기
309,연필깎이
310,코렐그릇세트
311,치간칫솔
312,세탁바구니
313,스피드랙
314,어깨마사지기
315,틸란드시아
316,강아지울타리
317,고양이스크래쳐
318,이갈이마우스피스
319,목욕가운
320,데스크매트
321,세븐라이너
322,송월타올
323,크래프터갓인어스
324,아기도장
325,라바제식기건조대
326,접시
327,혈압측정기
328,스타벅스콜드컵
329,찻잔세트
330,풍년압력밥솥
331,어깨교정밴드
332,워셔액
333,타공판
334,데임릴리즈70
335,크래프터노블
336,하늘슬라임
337,면기
338,압력솥
339,컬러링북
340,콜트어스100
341,핸들커버
342,수제도장
343,떡메
344,인감도장
345,체온계
346,콜트ad810
347,저금통
348,돈케이크
349,오므론혈압계
350,강아지장난감
351,미세먼지
352,커피드리퍼
353,덴티스테치약
354,문콕방지가드
355,워너원
356,고양이사료
357,로얄알버트커피잔
358,충전드릴
359,다이소몰
360,접이식카트
361,치실
362,원피스피규어레진
363,철판아이스크림
364,인덕션용냄비
365,강아지간식
366,노즈스위퍼
367,천연주방세제
368,가랜드
369,해피콜냄비세트
370,프리저브드플라워
371,조립식앵글
372,양키캔들차량용방향제
373,액체세제
374,물병
375,평창동계올림픽순위
376,룬룬필통
377,디월트충전드릴
378,레드벨벳키노앨범
379,건식족욕기
380,라미샤프
381,주방용품
382,야마하디지털피아노
383,명함
384,다리미판
385,글라스락이유식용기
386,hud헤드업디스플레이
387,크래프터글로리아
388,마도로스펫
389,유칼립투스화분
390,노비타비데
391,식기세트
392,햄스터집
393,마사지볼
394,가정용저주파치료기
395,컬링보드게임
396,고압세척기
397,허리교정밴드
398,충전식전동드릴
399,차량용목쿠션
400,유칼립투스
401,미니드론
402,주방수납정리
403,스텐냄비
404,소주잔
405,글라스락
406,전국미세먼지
407,접착식앨범
408,큐티폴고아
409,거실화분
410,강아지사료
411,키친타올걸이
412,뱅갈고무나무
413,정리함
414,피젯스피너
415,스텐양치컵
416,스타우브
417,행잉플랜트
418,하수구트랩
419,어린이집네임스티커
420,어린이집양치컵
421,와인잔
422,슬라임랜덤박스
423,아큐첵퍼포마시험지
424,조지루시보온병
425,에그팬
426,육공다이어리
427,소음방지귀마개
428,해리포터지팡이
429,티메이커
430,채칼
431,뷰코셋생리대
432,플라워용돈박스
433,테팔매직핸즈
434,혈당측정기
435,곰돌이다지기
436,바디프랜드
437,조리도구세트
438,다도세트
439,식기세척기세제
440,스프링노트
441,스텐후라이팬
442,싱크대물막이
443,테라브레스가글
444,aihao
445,우드트레이
446,비닐봉투
447,제트스트림
448,페브리즈
449,택배박스
450,카카오프렌즈필통
451,라탄바구니
452,키친타올
453,이동식트롤리
454,계란찜기
455,실리콘손목보호대
456,눈마사지기
457,유기그릇
458,인덕션후라이팬
459,후라이팬정리대
460,박스테이프
461,차량용태블릿거치대
462,비비탄스나이퍼
463,마비스치약
464,아이언맨
465,가면라이더에그제이드
466,문서파쇄기
467,극락조
468,차량핸드폰거치대
469,해바라기샤워기
470,포토메리온
471,아조나치약
472,다리마사지기
473,써모스보온도시락
474,샤오미멀티탭
475,미니당구대
476,초등학교입학선물
477,핸드카트
478,강아지하네스
479,매직캔리필봉투
480,강아지노즈워크
481,가죽필통
482,핸드타올
483,반신욕욕조
484,학용품세트
485,건전지
486,선인장
487,led바
488,의류스탬프
489,보틀
490,코골이방지밴드
491,오일병
492,나눔접시
493,싱크대선반
494,가스건
495,포켓몬피규어
496,코세척기
497,오버워치피규어
498,방탄소년단굿즈
499,앨범
500,파라핀치료기
